s,ADC 0,ADC 1
-0.1,0.004368,0.004234
-0.0998,0.004514,0.004183
-0.0996,0.004438,0.004056
-0.0994,0.004514,0.004139
-0.0992,0.00452,0.004107
-0.099,0.004482,0.004025
-0.0988,0.004349,0.004133
-0.0986,0.00452,0.004164
-0.0984,0.00447,0.004094
-0.0982,0.00447,0.004094
-0.098,0.004355,0.004272
-0.0978,0.004412,0.004215
-0.0976,0.004508,0.004094
-0.0974,0.004457,0.004253
-0.0972,0.004559,0.004133
-0.097,0.00459,0.004063
-0.0968,0.004654,0.004063
-0.0966,0.004419,0.004094
-0.0964,0.004444,0.004139
-0.0962,0.004431,0.004114
-0.096,0.004317,0.00419
-0.0958,0.00445,0.004393
-0.0956,0.004336,0.004012
-0.0954,0.004667,0.004094
-0.0952,0.00426,0.004203
-0.095,0.004603,0.004183
-0.0948,0.004311,0.004107
-0.0946,0.00466,0.004304
-0.0944,0.004381,0.004311
-0.0942,0.004438,0.004241
-0.094,0.004431,0.004069
-0.0938,0.004527,0.003821
-0.0936,0.004266,0.004368
-0.0934,0.004482,0.004183
-0.0932,0.004311,0.004158
-0.093,0.004508,0.004094
-0.0928,0.004438,0.00426
-0.0926,0.004311,0.004215
-0.0924,0.004317,0.003986
-0.0922,0.004285,0.004158
-0.092,0.004393,0.004164
-0.0918,0.004336,0.004304
-0.0916,0.0044,0.004152
-0.0914,0.004705,0.004272
-0.0912,0.004501,0.004082
-0.091,0.004482,0.00419
-0.0908,0.004457,0.004088
-0.0906,0.004578,0.00426
-0.0904,0.004482,0.00405
-0.0902,0.0044,0.004133
-0.09,0.004667,0.004107
-0.0898,0.004361,0.004292
-0.0896,0.004527,0.00398
-0.0894,0.004578,0.004133
-0.0892,0.004463,0.004094
-0.089,0.004253,0.00405
-0.0888,0.004527,0.004215
-0.0886,0.004292,0.004285
-0.0884,0.004272,0.004152
-0.0882,0.004527,0.004196
-0.088,0.004412,0.00405
-0.0878,0.004679,0.004094
-0.0876,0.004336,0.004094
-0.0874,0.004412,0.004247
-0.0872,0.004482,0.004069
-0.087,0.004622,0.004228
-0.0868,0.004552,0.00412
-0.0866,0.004431,0.004088
-0.0864,0.004349,0.004075
-0.0862,0.004546,0.004101
-0.086,0.00433,0.004145
-0.0858,0.004686,0.004139
-0.0856,0.004298,0.004025
-0.0854,0.004578,0.004044
-0.0852,0.004571,0.004164
-0.085,0.00447,0.004139
-0.0848,0.004457,0.004209
-0.0846,0.004368,0.00419
-0.0844,0.004533,0.004171
-0.0842,0.004457,0.00412
-0.084,0.004705,0.003967
-0.0838,0.004495,0.004196
-0.0836,0.00426,0.004311
-0.0834,0.00426,0.004323
-0.0832,0.004336,0.004171
-0.083,0.004279,0.004215
-0.0828,0.004368,0.004152
-0.0826,0.004495,0.003974
-0.0824,0.00433,0.004279
-0.0822,0.004501,0.004381
-0.082,0.004355,0.004056
-0.0818,0.004565,0.004101
-0.0816,0.004361,0.004107
-0.0814,0.004266,0.004133
-0.0812,0.004311,0.004247
-0.081,0.004342,0.003967
-0.0808,0.004571,0.004342
-0.0806,0.004508,0.003974
-0.0804,0.004622,0.004241
-0.0802,0.004342,0.004234
-0.08,0.004495,0.004044
-0.0798,0.004559,0.004355
-0.0796,0.004412,0.004056
-0.0794,0.004412,0.004196
-0.0792,0.00445,0.004088
-0.079,0.004495,0.004075
-0.0788,0.00447,0.004139
-0.0786,0.004559,0.004152
-0.0784,0.004667,0.004266
-0.0782,0.004419,0.004266
-0.078,0.00433,0.004234
-0.0778,0.004667,0.004025
-0.0776,0.004508,0.004266
-0.0774,0.004501,0.004075
-0.0772,0.004444,0.004082
-0.077,0.004355,0.004069
-0.0768,0.00447,0.004152
-0.0766,0.004571,0.004285
-0.0764,0.00426,0.004082
-0.0762,0.004489,0.004145
-0.076,0.004463,0.00419
-0.0758,0.00447,0.004355
-0.0756,0.004533,0.004094
-0.0754,0.00433,0.003974
-0.0752,0.004641,0.004139
-0.075,0.00447,0.004158
-0.0748,0.004374,0.00405
-0.0746,0.004304,0.004183
-0.0744,0.004215,0.004164
-0.0742,0.004597,0.004342
-0.074,0.004419,0.004044
-0.0738,0.004444,0.003986
-0.0736,0.004412,0.004381
-0.0734,0.00459,0.004164
-0.0732,0.004476,0.004438
-0.073,0.004438,0.004196
-0.0728,0.00445,0.003999
-0.0726,0.004635,0.00405
-0.0724,0.004419,0.004234
-0.0722,0.004463,0.00419
-0.072,0.004196,0.004215
-0.0718,0.004266,0.004228
-0.0716,0.004533,0.003942
-0.0714,0.004253,0.004228
-0.0712,0.004419,0.004298
-0.071,0.004425,0.004177
-0.0708,0.004311,0.004056
-0.0706,0.00445,0.003986
-0.0704,0.004412,0.004336
-0.0702,0.004539,0.004018
-0.07,0.004444,0.004171
-0.0698,0.004552,0.004037
-0.0696,0.004514,0.004272
-0.0694,0.004444,0.004114
-0.0692,0.004431,0.004253
-0.069,0.004578,0.00412
-0.0688,0.004514,0.004222
-0.0686,0.004489,0.004056
-0.0684,0.004266,0.00419
-0.0682,0.004482,0.004203
-0.068,0.004419,0.004285
-0.0678,0.004406,0.004158
-0.0676,0.004482,0.004139
-0.0674,0.004527,0.003961
-0.0672,0.004412,0.004114
-0.067,0.004533,0.004215
-0.0668,0.004425,0.004005
-0.0666,0.004349,0.004253
-0.0664,0.004482,0.004171
-0.0662,0.004342,0.004247
-0.066,0.004393,0.00419
-0.0658,0.004635,0.003904
-0.0656,0.004381,0.004298
-0.0654,0.004425,0.004177
-0.0652,0.004381,0.004069
-0.065,0.004476,0.004139
-0.0648,0.004247,0.004164
-0.0646,0.004368,0.004215
-0.0644,0.00452,0.004145
-0.0642,0.004374,0.00433
-0.064,0.004533,0.004037
-0.0638,0.004641,0.003891
-0.0636,0.00459,0.004228
-0.0634,0.004495,0.004222
-0.0632,0.004374,0.004171
-0.063,0.004272,0.004304
-0.0628,0.004463,0.004266
-0.0626,0.004323,0.004056
-0.0624,0.004387,0.004075
-0.0622,0.004533,0.004114
-0.062,0.004412,0.00433
-0.0618,0.004387,0.004145
-0.0616,0.004457,0.004133
-0.0614,0.004317,0.004107
-0.0612,0.004412,0.004285
-0.061,0.004323,0.004304
-0.0608,0.004234,0.003974
-0.0606,0.004457,0.00419
-0.0604,0.004292,0.004209
-0.0602,0.004457,0.004285
-0.06,0.004381,0.00412
-0.0598,0.004431,0.004126
-0.0596,0.004349,0.004228
-0.0594,0.004355,0.00433
-0.0592,0.00433,0.004463
-0.059,0.00433,0.004171
-0.0588,0.004368,0.004101
-0.0586,0.004571,0.004228
-0.0584,0.004463,0.004075
-0.0582,0.004431,0.004183
-0.058,0.004412,0.004133
-0.0578,0.00459,0.00412
-0.0576,0.00433,0.004247
-0.0574,0.004431,0.003948
-0.0572,0.004406,0.004069
-0.057,0.004476,0.004133
-0.0568,0.004571,0.004133
-0.0566,0.004368,0.004075
-0.0564,0.004616,0.004063
-0.0562,0.004495,0.004145
-0.056,0.004387,0.004088
-0.0558,0.004196,0.004005
-0.0556,0.004336,0.004145
-0.0554,0.004412,0.004025
-0.0552,0.0044,0.004241
-0.055,0.004686,0.00426
-0.0548,0.004374,0.004031
-0.0546,0.004311,0.004031
-0.0544,0.004323,0.004266
-0.0542,0.00445,0.00398
-0.054,0.004597,0.00419
-0.0538,0.00433,0.004317
-0.0536,0.004533,0.004177
-0.0534,0.004381,0.00419
-0.0532,0.004393,0.004171
-0.053,0.004495,0.00419
-0.0528,0.004412,0.004234
-0.0526,0.004648,0.004069
-0.0524,0.004323,0.004152
-0.0522,0.004514,0.004069
-0.052,0.004533,0.00419
-0.0518,0.004304,0.004222
-0.0516,0.004539,0.004222
-0.0514,0.004476,0.003897
-0.0512,0.004686,0.004107
-0.051,0.004431,0.004082
-0.0508,0.004387,0.004152
-0.0506,0.004457,0.003916
-0.0504,0.004266,0.004215
-0.0502,0.00433,0.004209
-0.05,0.00452,0.003999
-0.0498,0.004527,0.00405
-0.0496,0.004361,0.00412
-0.0494,0.004578,0.004031
-0.0492,0.004508,0.004234
-0.049,0.004406,0.004241
-0.0488,0.00452,0.004044
-0.0486,0.004425,0.004209
-0.0484,0.004381,0.004101
-0.0482,0.004355,0.004247
-0.048,0.004412,0.004234
-0.0478,0.004501,0.004203
-0.0476,0.004431,0.004171
-0.0474,0.00447,0.004336
-0.0472,0.004501,0.004114
-0.047,0.004196,0.004215
-0.0468,0.00426,0.004349
-0.0466,0.00445,0.004304
-0.0464,0.004393,0.004018
-0.0462,0.004412,0.004094
-0.046,0.00445,0.004044
-0.0458,0.004431,0.004037
-0.0456,0.004355,0.00398
-0.0454,0.004304,0.004209
-0.0452,0.004374,0.004196
-0.045,0.004361,0.004114
-0.0448,0.004463,0.004152
-0.0446,0.00447,0.004152
-0.0444,0.00452,0.004203
-0.0442,0.004311,0.004152
-0.044,0.004393,0.00426
-0.0438,0.004616,0.004183
-0.0436,0.004387,0.004171
-0.0434,0.004597,0.003967
-0.0432,0.004311,0.004272
-0.043,0.004203,0.004209
-0.0428,0.004565,0.00419
-0.0426,0.00433,0.003999
-0.0424,0.004457,0.003986
-0.0422,0.004412,0.004241
-0.042,0.004342,0.004177
-0.0418,0.004406,0.00426
-0.0416,0.004571,0.004209
-0.0414,0.004381,0.004183
-0.0412,0.004546,0.004037
-0.041,0.004393,0.00419
-0.0408,0.004215,0.004088
-0.0406,0.004476,0.004203
-0.0404,0.004323,0.004285
-0.0402,0.004292,0.004361
-0.04,0.004412,0.004177
-0.0398,0.004342,0.004292
-0.0396,0.0044,0.004094
-0.0394,0.00447,0.004349
-0.0392,0.004393,0.004018
-0.039,0.004629,0.004005
-0.0388,0.004501,0.004082
-0.0386,0.004597,0.004196
-0.0384,0.004279,0.003935
-0.0382,0.004431,0.00405
-0.038,0.004635,0.004228
-0.0378,0.004476,0.004158
-0.0376,0.004285,0.004209
-0.0374,0.004635,0.004304
-0.0372,0.004393,0.004152
-0.037,0.004209,0.00419
-0.0368,0.004311,0.004133
-0.0366,0.004241,0.004114
-0.0364,0.004196,0.004203
-0.0362,0.004501,0.004075
-0.036,0.004527,0.004139
-0.0358,0.004279,0.004101
-0.0356,0.004527,0.004114
-0.0354,0.004393,0.004133
-0.0352,0.004457,0.004107
-0.035,0.004285,0.004082
-0.0348,0.004495,0.004222
-0.0346,0.004387,0.004101
-0.0344,0.004463,0.004317
-0.0342,0.004368,0.004107
-0.034,0.004565,0.004171
-0.0338,0.004495,0.004272
-0.0336,0.004419,0.004114
-0.0334,0.004622,0.004158
-0.0332,0.00445,0.004094
-0.033,0.004368,0.004094
-0.0328,0.00433,0.004183
-0.0326,0.00447,0.004183
-0.0324,0.004495,0.004012
-0.0322,0.004622,0.004171
-0.032,0.004565,0.004298
-0.0318,0.00445,0.003967
-0.0316,0.00447,0.004342
-0.0314,0.004152,0.004241
-0.0312,0.004419,0.004082
-0.031,0.004609,0.004253
-0.0308,0.004368,0.004101
-0.0306,0.004336,0.004203
-0.0304,0.004552,0.004431
-0.0302,0.004361,0.004215
-0.03,0.004641,0.004082
-0.0298,0.004381,0.004044
-0.0296,0.004425,0.004203
-0.0294,0.004412,0.004164
-0.0292,0.004489,0.004133
-0.029,0.004355,0.004196
-0.0288,0.004565,0.00412
-0.0286,0.004514,0.004145
-0.0284,0.004323,0.004088
-0.0282,0.004228,0.004031
-0.028,0.004317,0.004044
-0.0278,0.004508,0.003955
-0.0276,0.004603,0.00412
-0.0274,0.004323,0.004063
-0.0272,0.004546,0.004183
-0.027,0.004266,0.004094
-0.0268,0.004292,0.004139
-0.0266,0.004368,0.004044
-0.0264,0.00452,0.004126
-0.0262,0.004482,0.004063
-0.026,0.0044,0.004292
-0.0258,0.0044,0.004183
-0.0256,0.004476,0.004215
-0.0254,0.00445,0.004228
-0.0252,0.004349,0.004044
-0.025,0.004508,0.004266
-0.0248,0.004368,0.004025
-0.0246,0.004508,0.004304
-0.0244,0.004457,0.004247
-0.0242,0.004482,0.004164
-0.024,0.004438,0.004031
-0.0238,0.004565,0.004152
-0.0236,0.004412,0.004234
-0.0234,0.004349,0.004222
-0.0232,0.004514,0.004088
-0.023,0.004444,0.00412
-0.0228,0.004412,0.004215
-0.0226,0.004476,0.003904
-0.0224,0.004234,0.004037
-0.0222,0.004495,0.00419
-0.022,0.004381,0.00412
-0.0218,0.004533,0.00419
-0.0216,0.004368,0.003935
-0.0214,0.004349,0.004241
-0.0212,0.004597,0.00426
-0.021,0.004578,0.004012
-0.0208,0.004368,0.003986
-0.0206,0.004584,0.00398
-0.0204,0.004425,0.00405
-0.0202,0.004419,0.004158
-0.02,0.004285,0.004203
-0.0198,0.00447,0.004133
-0.0196,0.004412,0.00412
-0.0194,0.00433,0.004101
-0.0192,0.004368,0.004171
-0.019,0.00452,0.004158
-0.0188,0.004444,0.004285
-0.0186,0.004463,0.004069
-0.0184,0.004406,0.004171
-0.0182,0.004323,0.003916
-0.018,0.004514,0.004158
-0.0178,0.004565,0.004044
-0.0176,0.004686,0.004247
-0.0174,0.004419,0.004025
-0.0172,0.004304,0.00398
-0.017,0.004272,0.004133
-0.0168,0.004609,0.004253
-0.0166,0.004495,0.003935
-0.0164,0.004457,0.004139
-0.0162,0.004393,0.004234
-0.016,0.004342,0.004266
-0.0158,0.004425,0.004298
-0.0156,0.004482,0.004247
-0.0154,0.004355,0.004018
-0.0152,0.004559,0.004196
-0.015,0.004323,0.004228
-0.0148,0.00445,0.004094
-0.0146,0.004272,0.004209
-0.0144,0.004552,0.004005
-0.0142,0.004501,0.004228
-0.014,0.004641,0.004025
-0.0138,0.004381,0.004177
-0.0136,0.0044,0.004336
-0.0134,0.004438,0.004228
-0.0132,0.004228,0.004114
-0.013,0.004368,0.004107
-0.0128,0.004476,0.004018
-0.0126,0.004374,0.004183
-0.0124,0.004222,0.004088
-0.0122,0.004304,0.00419
-0.012,0.004603,0.004222
-0.0118,0.004419,0.004082
-0.0116,0.00426,0.004241
-0.0114,0.004355,0.004196
-0.0112,0.004508,0.004342
-0.011,0.004533,0.004203
-0.0108,0.004514,0.004152
-0.0106,0.004527,0.004145
-0.0104,0.004419,0.004107
-0.0102,0.00445,0.004158
-0.01,0.004279,0.003942
-0.0098,0.004412,0.004152
-0.0096,0.004323,0.00412
-0.0094,0.00447,0.004253
-0.0092,0.004336,0.00419
-0.009,0.004425,0.00419
-0.0088,0.004527,0.003904
-0.0086,0.004387,0.003993
-0.0084,0.004482,0.00412
-0.0082,0.004546,0.00412
-0.008,0.004616,0.004234
-0.0078,0.004457,0.004234
-0.0076,0.004317,0.004203
-0.0074,0.004406,0.004183
-0.0072,0.004571,0.003993
-0.007,0.004336,0.004272
-0.0068,0.004412,0.004133
-0.0066,0.00426,0.00412
-0.0064,0.004406,0.004114
-0.0062,0.004425,0.004196
-0.006,0.004355,0.004164
-0.0058,0.004304,0.004368
-0.0056,0.004419,0.004241
-0.0054,0.0044,0.004247
-0.0052,0.004495,0.004037
-0.005,0.004298,0.003827
-0.0048,0.004361,0.003923
-0.0046,0.004304,0.004279
-0.0044,0.004419,0.004203
-0.0042,0.004393,0.004177
-0.004,0.00445,0.004094
-0.0038,0.004514,0.004075
-0.0036,0.004381,0.004012
-0.0034,0.004508,0.00433
-0.0032,0.004361,0.004247
-0.003,0.004381,0.004114
-0.0028,0.004425,0.004266
-0.0026,0.004457,0.004158
-0.0024,0.004476,0.004069
-0.0022,0.004304,0.003923
-0.002,0.004698,0.004209
-0.0018,0.00452,0.004171
-0.0016,0.004311,0.004253
-0.0014,0.004431,0.004183
-0.0012,0.004539,0.003885
-0.001,0.00426,0.00426
-0.0008,0.004419,0.004088
-0.0006,0.004597,0.004304
-0.0004,0.004476,0.004171
-0.0002,0.004476,0.004005
-0.0,0.004781,0.002429
0.0002,0.003681,0.005601
0.0004,-0.607815,-0.363115
0.0006,-2.496363,-2.941106
0.0008,-2.497902,-3.000577
0.001,-2.497857,-2.592824
0.0012,-2.497845,-1.787141
0.0014,-2.497838,-0.112387
0.0016,-2.497622,0.582225
0.0018,-2.497851,0.654462
0.002,-2.4978,0.567093
0.0022,-2.497749,0.504265
0.0024,-2.497711,0.480264
0.0026,-2.497762,0.472368
0.0028,-2.497851,0.465953
0.003,-2.497743,0.457776
0.0032,-2.468541,0.448201
0.0034,-2.435061,0.438773
0.0036,-2.405923,0.42916
0.0038,-2.38046,0.419655
0.004,-2.358487,0.410557
0.0042,-2.235406,0.401363
0.0044,-2.066091,0.392024
0.0046,-1.894506,0.383123
0.0048,-1.722685,0.373834
0.005,-1.548888,0.36513
0.0052,-1.37764,0.35649
0.0054,-1.218363,0.347576
0.0056,-1.079292,0.339139
0.0058,-0.964019,0.330315
0.006,-0.871449,0.321751
0.0062,-0.798594,0.31346
0.0064,-0.7411,0.305227
0.0066,-0.697002,0.296955
0.0068,-0.66562,0.28883
0.007,-0.645084,0.281124
0.0072,-0.632032,0.273158
0.0074,-0.622711,0.265573
0.0076,-0.606906,0.257861
0.0078,-0.578594,0.250454
0.008,-0.544421,0.242831
0.0082,-0.503222,0.23557
0.0084,-0.455971,0.228424
0.0086,-0.400276,0.221367
0.0088,-0.33898,0.214297
0.009,-0.277182,0.207551
0.0092,-0.216935,0.200812
0.0094,-0.158348,0.194022
0.0096,-0.101535,0.187556
0.0098,-0.046031,0.181109
0.01,0.0085,0.174815
0.0102,0.061989,0.168514
0.0104,0.11446,0.162716
0.0106,0.165552,0.15686
0.0108,0.215664,0.150897
0.011,0.264988,0.145149
0.0112,0.313282,0.139548
0.0114,0.360959,0.13408
0.0116,0.407486,0.128524
0.0118,0.45325,0.123355
0.012,0.497882,0.1183
0.0122,0.541407,0.113144
0.0124,0.584068,0.108058
0.0126,0.625801,0.103277
0.0128,0.666332,0.098381
0.013,0.706164,0.094007
0.0132,0.74494,0.089372
0.0134,0.783424,0.084991
0.0136,0.826988,0.080522
0.0138,0.883509,0.07644
0.014,0.952231,0.072225
0.0142,1.029371,0.068309
0.0144,1.123473,0.064398
0.0146,1.250966,0.060571
0.0148,1.410923,0.056928
0.015,1.587537,0.053291
0.0152,1.770891,0.049585
0.0154,1.952744,0.046247
0.0156,2.123769,0.042985
0.0158,2.268162,0.039845
0.016,2.386958,0.036443
0.0162,2.469018,0.033512
0.0164,2.492154,0.030505
0.0166,2.502111,0.027504
0.0168,2.502003,0.024776
0.017,2.502213,0.02217
0.0172,2.502003,0.019175
0.0174,2.5022,0.016715
0.0176,2.502193,0.014661
0.0178,2.502225,0.012232
0.018,2.502035,0.009937
0.0182,2.502041,0.007407
0.0184,2.502003,0.005061
0.0186,2.502149,0.003134
0.0188,2.502181,0.001208
0.019,2.502155,-0.000687
0.0192,2.502092,-0.002619
0.0194,2.501729,-0.004304
0.0196,2.493763,-0.006231
0.0198,2.485956,-0.007769
0.02,2.478326,-0.009346
0.0202,2.470945,-0.011139
0.0204,2.463506,-0.012493
0.0206,2.456512,-0.013822
0.0208,2.449354,-0.015182
0.021,2.442436,-0.016416
0.0212,2.435703,-0.017598
0.0214,2.429123,-0.018972
0.0216,2.422746,-0.020053
0.0218,2.412217,-0.021114
0.022,2.386106,-0.022132
0.0222,2.353077,-0.023028
0.0224,2.307167,-0.023848
0.0226,2.235953,-0.024796
0.0228,2.141012,-0.025571
0.023,2.04511,-0.02641
0.0232,1.94362,-0.027262
0.0234,1.844362,-0.027866
0.0236,1.745885,-0.028515
0.0238,1.648712,-0.029017
0.024,1.553116,-0.029526
0.0242,1.458003,-0.029958
0.0244,1.359768,-0.030568
0.0246,1.253478,-0.031185
0.0248,1.139692,-0.031312
0.025,1.024424,-0.031726
0.0252,0.907694,-0.031948
0.0254,0.788962,-0.032247
0.0256,0.669015,-0.032584
0.0258,0.54835,-0.032743
0.026,0.429115,-0.033169
0.0262,0.31229,-0.033182
0.0264,0.196374,-0.033442
0.0266,0.082321,-0.033283
0.0268,-0.028509,-0.03362
0.027,-0.137323,-0.033569
0.0272,-0.243022,-0.033646
0.0274,-0.344969,-0.033506
0.0276,-0.444336,-0.033499
0.0278,-0.538972,-0.033449
0.028,-0.623283,-0.033538
0.0282,-0.694733,-0.033417
0.0284,-0.752303,-0.033366
0.0286,-0.794271,-0.033315
0.0288,-0.817947,-0.032851
0.029,-0.82051,-0.032756
0.0292,-0.803687,-0.032546
0.0294,-0.770009,-0.032514
0.0296,-0.721162,-0.032209
0.0298,-0.659987,-0.032024
0.03,-0.591024,-0.031681
0.0302,-0.520528,-0.031528
0.0304,-0.454375,-0.031122
0.0306,-0.39554,-0.030874
0.0308,-0.341028,-0.030702
0.031,-0.285263,-0.0302
0.0312,-0.225175,-0.030066
0.0314,-0.16353,-0.029666
0.0316,-0.105337,-0.02936
0.0318,-0.060139,-0.029271
0.032,-0.030295,-0.028483
0.0322,-0.02142,-0.028152
0.0324,-0.034262,-0.027936
0.0326,-0.058174,-0.027777
0.0328,-0.084337,-0.027078
0.033,-0.111841,-0.026836
0.0332,-0.141118,-0.026582
0.0334,-0.170097,-0.025997
0.0336,-0.198085,-0.025476
0.0338,-0.224527,-0.025024
0.034,-0.250327,-0.024923
0.0342,-0.274824,-0.024274
0.0344,-0.29815,-0.024045
0.0346,-0.320689,-0.0236
0.0348,-0.342229,-0.022939
0.035,-0.36267,-0.022513
0.0352,-0.382322,-0.022329
0.0354,-0.401128,-0.021871
0.0356,-0.418555,-0.021477
0.0358,-0.435511,-0.020898
0.036,-0.45173,-0.020536
0.0362,-0.466531,-0.020167
0.0364,-0.480906,-0.019633
0.0366,-0.494518,-0.01941
0.0368,-0.507228,-0.018679
0.037,-0.519136,-0.018349
0.0372,-0.530523,-0.01798
0.0374,-0.541058,-0.017554
0.0376,-0.55088,-0.017115
0.0378,-0.560087,-0.01674
0.038,-0.568384,-0.016054
0.0382,-0.57607,-0.01585
0.0384,-0.583274,-0.015297
0.0386,-0.589975,-0.014966
0.0388,-0.595843,-0.01447
0.039,-0.601088,-0.014261
0.0392,-0.605736,-0.013707
0.0394,-0.610097,-0.013288
0.0396,-0.613944,-0.012925
0.0398,-0.616881,-0.012563
0.04,-0.619678,-0.012226
0.0402,-0.621859,-0.011813
0.0404,-0.62383,-0.0114
0.0406,-0.625064,-0.011012
0.0408,-0.625827,-0.010503
0.041,-0.626367,-0.010408
0.0412,-0.626341,-0.009925
0.0414,-0.625884,-0.00946
0.0416,-0.625114,-0.009041
0.0418,-0.623976,-0.009022
0.042,-0.622673,-0.008392
0.0422,-0.620842,-0.008036
0.0424,-0.618318,-0.007871
0.0426,-0.616309,-0.007248
0.0428,-0.613244,-0.006911
0.043,-0.610434,-0.00665
0.0432,-0.606988,-0.006371
0.0434,-0.603644,-0.006053
0.0436,-0.5996,-0.005678
0.0438,-0.595455,-0.005544
0.044,-0.591068,-0.005131
0.0442,-0.586618,-0.004838
0.0444,-0.581964,-0.004609
0.0446,-0.576935,-0.004107
0.0448,-0.571779,-0.004063
0.045,-0.5664,-0.003567
0.0452,-0.560939,-0.003211
0.0454,-0.555484,-0.003039
0.0456,-0.54952,-0.002766
0.0458,-0.543613,-0.002594
0.046,-0.53758,-0.002391
0.0462,-0.531241,-0.002041
0.0464,-0.525138,-0.001812
0.0466,-0.518589,-0.001602
0.0468,-0.512104,-0.001335
0.047,-0.505511,-0.000846
0.0472,-0.498753,-0.000877
0.0474,-0.491924,-0.000528
0.0476,-0.485287,-0.000439
0.0478,-0.478071,-0.000248
0.048,-0.471179,0.000127
0.0482,-0.464052,0.000305
0.0484,-0.456924,0.000388
0.0486,-0.449848,0.000661
0.0488,-0.442797,0.000858
0.049,-0.435282,0.001005
0.0492,-0.428282,0.001151
0.0494,-0.421041,0.001335
0.0496,-0.413977,0.001494
0.0498,-0.406634,0.001672
0.05,-0.399602,0.001761
0.0502,-0.392125,0.001812
0.0504,-0.384884,0.002041
0.0506,-0.377547,0.002314
0.0508,-0.370439,0.002416
0.051,-0.363369,0.002391
0.0512,-0.356229,0.002708
0.0514,-0.348651,0.00274
0.0516,-0.341803,0.002874
0.0518,-0.334632,0.003198
0.052,-0.327714,0.003351
0.0522,-0.320676,0.003363
0.0524,-0.313536,0.003421
0.0526,-0.306568,0.003465
0.0528,-0.299842,0.003688
0.053,-0.292734,0.003897
0.0532,-0.28616,0.00384
0.0534,-0.279554,0.003808
0.0536,-0.272891,0.004145
0.0538,-0.266113,0.004279
0.054,-0.259755,0.004158
0.0542,-0.25315,0.003916
0.0544,-0.246722,0.004355
0.0546,-0.240351,0.004355
0.0548,-0.234203,0.004412
0.055,-0.22782,0.004883
0.0552,-0.221901,0.0048
0.0554,-0.215772,0.004838
0.0556,-0.209827,0.005074
0.0558,-0.203819,0.005023
0.056,-0.198046,0.005061
0.0562,-0.192235,0.004934
0.0564,-0.186475,0.005054
0.0566,-0.180944,0.005156
0.0568,-0.175279,0.005264
0.057,-0.169932,0.005112
0.0572,-0.164642,0.005226
0.0574,-0.159372,0.005169
0.0576,-0.15398,0.005067
0.0578,-0.148932,0.00543
0.058,-0.144062,0.005366
0.0582,-0.139217,0.00536
0.0584,-0.134239,0.005379
0.0586,-0.129325,0.005608
0.0588,-0.124639,0.005665
0.059,-0.119864,0.005519
0.0592,-0.115763,0.005633
0.0594,-0.111001,0.005468
0.0596,-0.10664,0.005779
0.0598,-0.102501,0.005684
0.06,-0.098356,0.005773
0.0602,-0.094147,0.005817
0.0604,-0.090307,0.005671
0.0606,-0.086206,0.005417
0.0608,-0.082455,0.005767
0.061,-0.078271,0.005881
0.0612,-0.074717,0.005773
0.0614,-0.07115,0.005601
0.0616,-0.067679,0.005709
0.0618,-0.064119,0.005849
0.062,-0.060743,0.005811
0.0622,-0.057386,0.005747
0.0624,-0.054188,0.005671
0.0626,-0.051098,0.005684
0.0628,-0.047989,0.005709
0.063,-0.044956,0.00569
0.0632,-0.042044,0.005817
0.0634,-0.039031,0.005678
0.0636,-0.036189,0.005697
0.0638,-0.033716,0.005938
0.064,-0.030867,0.005678
0.0642,-0.028356,0.005576
0.0644,-0.025851,0.005728
0.0646,-0.023352,0.005639
0.0648,-0.021152,0.005461
0.065,-0.018927,0.005391
0.0652,-0.016785,0.005512
0.0654,-0.014343,0.005646
0.0656,-0.012302,0.005544
0.0658,-0.01023,0.005665
0.066,-0.008265,0.005627
0.0662,-0.006313,0.005525
0.0664,-0.004393,0.00555
0.0666,-0.002778,0.005398
0.0668,-0.00089,0.005411
0.067,0.000598,0.005544
0.0672,0.002244,0.005525
0.0674,0.003719,0.005391
0.0676,0.005372,0.00543
0.0678,0.006987,0.005468
0.068,0.008411,0.005417
0.0682,0.009753,0.005309
0.0684,0.010955,0.005309
0.0686,0.012258,0.005379
0.0688,0.01351,0.005525
0.069,0.014515,0.005519
0.0692,0.015628,0.005252
0.0694,0.016791,0.005245
0.0696,0.017579,0.005252
0.0698,0.018972,0.005366
0.07,0.019805,0.005061
0.0702,0.020746,0.005391
0.0704,0.021814,0.005169
0.0706,0.022163,0.005302
0.0708,0.023117,0.005442
0.071,0.023664,0.005258
0.0712,0.024509,0.005201
0.0714,0.025082,0.004965
0.0716,0.025915,0.005112
0.0718,0.026417,0.004953
0.072,0.026976,0.005054
0.0722,0.027447,0.00501
0.0724,0.028083,0.004921
0.0726,0.028248,0.004781
0.0728,0.028737,0.004533
0.073,0.029068,0.00508
0.0732,0.029558,0.005188
0.0734,0.029895,0.004711
0.0736,0.030219,0.004864
0.0738,0.030365,0.005035
0.074,0.030753,0.00487
0.0742,0.030759,0.004813
0.0744,0.031064,0.004896
0.0746,0.031331,0.004965
0.0748,0.031522,0.004876
0.075,0.031865,0.004737
0.0752,0.031751,0.004896
0.0754,0.031827,0.004756
0.0756,0.031961,0.004635
0.0758,0.032012,0.004679
0.076,0.032139,0.004775
0.0762,0.031923,0.004724
0.0764,0.031954,0.004692
0.0766,0.032031,0.00466
0.0768,0.032094,0.004787
0.077,0.032012,0.004597
0.0772,0.031757,0.004533
0.0774,0.031738,0.004514
0.0776,0.031706,0.00452
0.0778,0.031516,0.004622
0.078,0.031395,0.004514
0.0782,0.031255,0.004654
0.0784,0.030937,0.004438
0.0786,0.030931,0.00459
0.0788,0.031064,0.004387
0.079,0.030715,0.004355
0.0792,0.030645,0.004381
0.0794,0.030448,0.004323
0.0796,0.030181,0.004584
0.0798,0.029856,0.004311
0.08,0.02964,0.004654
0.0802,0.029265,0.004272
0.0804,0.029087,0.004279
0.0806,0.029011,0.004317
0.0808,0.028566,0.004565
0.081,0.028292,0.004597
0.0812,0.028318,0.004476
0.0814,0.027898,0.004495
0.0816,0.027688,0.004444
0.0818,0.027383,0.004406
0.082,0.026779,0.004419
0.0822,0.026843,0.004476
0.0824,0.026404,0.004266
0.0826,0.025921,0.004393
0.0828,0.025743,0.004311
0.083,0.025603,0.004107
0.0832,0.025196,0.004253
0.0834,0.02491,0.004431
0.0836,0.024713,0.00419
0.0838,0.024223,0.004349
0.084,0.024014,0.004228
0.0842,0.023702,0.004075
0.0844,0.023155,0.004088
0.0846,0.022939,0.004342
0.0848,0.022577,0.004317
0.085,0.022411,0.004285
0.0852,0.022049,0.004342
0.0854,0.021763,0.004177
0.0856,0.02142,0.004044
0.0858,0.021248,0.004203
0.086,0.021057,0.004285
0.0862,0.020599,0.004056
0.0864,0.020192,0.004101
0.0866,0.0199,0.004082
0.0868,0.019658,0.004266
0.087,0.019379,0.004133
0.0872,0.018959,0.004317
0.0874,0.018539,0.003955
0.0876,0.018393,0.003859
0.0878,0.018126,0.004215
0.088,0.017707,0.004292
0.0882,0.017389,0.004075
0.0884,0.017039,0.004107
0.0886,0.016956,0.004088
0.0888,0.016683,0.004082
0.089,0.016295,0.004222
0.0892,0.015926,0.004139
0.0894,0.015462,0.004164
0.0896,0.015532,0.004196
0.0898,0.014985,0.004126
0.09,0.014947,0.004215
0.0902,0.014502,0.003993
0.0904,0.014369,0.004152
0.0906,0.013981,0.004222
0.0908,0.013765,0.004171
0.091,0.013371,0.004075
0.0912,0.013186,0.00419
0.0914,0.013065,0.004114
0.0916,0.012747,0.004368
0.0918,0.012512,0.004247
0.092,0.012264,0.004037
0.0922,0.011896,0.004196
0.0924,0.011889,0.004145
0.0926,0.01147,0.004088
0.0928,0.011285,0.004114
0.093,0.010904,0.004037
0.0932,0.010789,0.004018
0.0934,0.010662,0.004177
0.0936,0.010618,0.003916
0.0938,0.010045,0.003916
0.094,0.009893,0.004025
0.0942,0.009937,0.004101
0.0944,0.009524,0.004101
0.0946,0.009244,0.00398
0.0948,0.00927,0.003986
0.095,0.009009,0.00412
0.0952,0.008806,0.003935
0.0954,0.008609,0.004114
0.0956,0.008532,0.004152
0.0958,0.00824,0.004152
0.096,0.008227,0.003929
0.0962,0.008144,0.004018
0.0964,0.007782,0.004031
0.0966,0.007712,0.004203
0.0968,0.007534,0.003974
0.097,0.007496,0.00391
0.0972,0.007292,0.00426
0.0974,0.006994,0.004031
0.0976,0.006854,0.004056
0.0978,0.006943,0.004133
0.098,0.006758,0.004133
0.0982,0.006574,0.004069
0.0984,0.006377,0.003974
0.0986,0.00646,0.004037
0.0988,0.006294,0.004177
0.099,0.005995,0.003986
0.0992,0.005964,0.003904
0.0994,0.005703,0.004209
0.0996,0.005525,0.004088
0.0998,0.005671,0.004094
0.1,0.00562,0.003955
0.1002,0.005461,0.004012
0.1004,0.00515,0.003846
0.1006,0.005124,0.004069
0.1008,0.005118,0.004209
0.101,0.004908,0.004069
0.1012,0.004965,0.003916
0.1014,0.004864,0.004126
0.1016,0.004648,0.004005
0.1018,0.004711,0.003967
0.102,0.004635,0.004063
0.1022,0.004635,0.004183
0.1024,0.004527,0.004101
0.1026,0.004381,0.003929
0.1028,0.004489,0.004037
0.103,0.004298,0.004177
0.1032,0.004183,0.004056
0.1034,0.004126,0.004253
0.1036,0.004317,0.003993
0.1038,0.003891,0.003967
0.104,0.004094,0.003974
0.1042,0.00391,0.003993
0.1044,0.003999,0.004114
0.1046,0.003897,0.004196
0.1048,0.003834,0.004082
0.105,0.003719,0.003999
0.1052,0.003707,0.004272
0.1054,0.003726,0.004101
0.1056,0.003688,0.004196
0.1058,0.003732,0.004101
0.106,0.003522,0.004075
0.1062,0.003579,0.004025
0.1064,0.003459,0.004088
0.1066,0.003707,0.004145
0.1068,0.003382,0.004133
0.107,0.003522,0.004209
0.1072,0.003351,0.004215
0.1074,0.003408,0.004158
0.1076,0.003478,0.004005
0.1078,0.00344,0.004094
0.108,0.003274,0.003916
0.1082,0.003446,0.004025
0.1084,0.003198,0.004044
0.1086,0.00316,0.004069
0.1088,0.003293,0.004228
0.109,0.00316,0.004114
0.1092,0.003446,0.004075
0.1094,0.003312,0.003885
0.1096,0.003478,0.004203
0.1098,0.003211,0.004114
0.11,0.003128,0.004266
0.1102,0.003026,0.004171
0.1104,0.003281,0.004203
0.1106,0.003134,0.003955
0.1108,0.003141,0.00433
0.111,0.003223,0.00426
0.1112,0.003185,0.003955
0.1114,0.003293,0.004133
0.1116,0.003338,0.004094
0.1118,0.002988,0.004133
0.112,0.003325,0.003872
0.1122,0.003236,0.004171
0.1124,0.003287,0.004374
0.1126,0.003128,0.004222
0.1128,0.003211,0.004063
0.113,0.003103,0.00419
0.1132,0.003204,0.004292
0.1134,0.003058,0.004228
0.1136,0.00316,0.004209
0.1138,0.003223,0.004177
0.114,0.003281,0.004292
0.1142,0.00309,0.004139
0.1144,0.003306,0.004164
0.1146,0.003325,0.004031
0.1148,0.003179,0.004158
0.115,0.003376,0.00419
0.1152,0.003395,0.004336
0.1154,0.003503,0.004171
0.1156,0.00337,0.004133
0.1158,0.003312,0.004152
0.116,0.003312,0.004228
0.1162,0.003344,0.004069
0.1164,0.003433,0.004088
0.1166,0.003281,0.004012
0.1168,0.00344,0.004018
0.117,0.00349,0.004361
0.1172,0.003344,0.004094
0.1174,0.00344,0.003961
0.1176,0.003497,0.004075
0.1178,0.003338,0.004101
0.118,0.003401,0.004279
0.1182,0.0033,0.004094
0.1184,0.003459,0.004069
0.1186,0.003471,0.004368
0.1188,0.003738,0.004101
0.119,0.003306,0.004228
0.1192,0.003484,0.004056
0.1194,0.003529,0.004075
0.1196,0.003478,0.004253
0.1198,0.003624,0.004025
0.12,0.003783,0.004177
0.1202,0.003777,0.004133
0.1204,0.003777,0.004133
0.1206,0.003452,0.004082
0.1208,0.003745,0.004152
0.121,0.003529,0.00412
0.1212,0.003599,0.004228
0.1214,0.003688,0.004253
0.1216,0.003611,0.004342
0.1218,0.003681,0.004139
0.122,0.003681,0.004177
0.1222,0.003643,0.004177
0.1224,0.003777,0.003916
0.1226,0.003821,0.00412
0.1228,0.00377,0.003993
0.123,0.003815,0.00405
0.1232,0.003834,0.004031
0.1234,0.00384,0.004177
0.1236,0.003592,0.004056
0.1238,0.003904,0.004107
0.124,0.003751,0.004088
0.1242,0.003745,0.004056
0.1244,0.003827,0.004114
0.1246,0.003999,0.004037
0.1248,0.004094,0.004133
0.125,0.003999,0.00405
0.1252,0.003872,0.004241
0.1254,0.003872,0.004183
0.1256,0.003872,0.003967
0.1258,0.003866,0.004088
0.126,0.004107,0.004183
0.1262,0.004101,0.004241
0.1264,0.004133,0.004171
0.1266,0.003834,0.004234
0.1268,0.003872,0.004272
0.127,0.003986,0.00391
0.1272,0.00412,0.004164
0.1274,0.004012,0.003853
0.1276,0.004094,0.004215
0.1278,0.004088,0.004101
0.128,0.004088,0.003961
0.1282,0.004196,0.004101
0.1284,0.004031,0.004114
0.1286,0.004063,0.004044
0.1288,0.004114,0.004374
0.129,0.004101,0.004075
0.1292,0.004253,0.00405
0.1294,0.00419,0.004234
0.1296,0.004215,0.004012
0.1298,0.004196,0.004139
0.13,0.004025,0.004114
0.1302,0.00433,0.004292
0.1304,0.004203,0.00419
0.1306,0.004158,0.004368
0.1308,0.004222,0.004101
0.131,0.004311,0.004228
0.1312,0.004215,0.004215
0.1314,0.004266,0.00419
0.1316,0.004171,0.004158
0.1318,0.004292,0.004025
0.132,0.004145,0.004145
0.1322,0.004107,0.004253
0.1324,0.00426,0.004088
0.1326,0.004094,0.004152
0.1328,0.004342,0.00419
0.133,0.004311,0.004139
0.1332,0.004253,0.004075
0.1334,0.004285,0.004368
0.1336,0.004368,0.00412
0.1338,0.004406,0.004183
0.134,0.00426,0.004088
0.1342,0.004107,0.004183
0.1344,0.004546,0.004272
0.1346,0.004406,0.004298
0.1348,0.004228,0.004145
0.135,0.004527,0.004018
0.1352,0.004311,0.004215
0.1354,0.004228,0.004145
0.1356,0.004368,0.004222
0.1358,0.004457,0.00405
0.136,0.004463,0.004044
0.1362,0.004419,0.004126
0.1364,0.004387,0.004177
0.1366,0.004114,0.004056
0.1368,0.004368,0.00412
0.137,0.004609,0.004241
0.1372,0.004495,0.004387
0.1374,0.004559,0.004247
0.1376,0.004361,0.004114
0.1378,0.004361,0.004266
0.138,0.004272,0.004304
0.1382,0.00452,0.004292
0.1384,0.004552,0.004177
0.1386,0.004374,0.004152
0.1388,0.004419,0.00412
0.139,0.00445,0.004234
0.1392,0.004482,0.004044
0.1394,0.004393,0.004177
0.1396,0.004628,0.003961
0.1398,0.004336,0.004037
0.14,0.004419,0.004126
0.1402,0.004253,0.004164
0.1404,0.004482,0.004171
0.1406,0.004476,0.004069
0.1408,0.004317,0.00398
0.141,0.0044,0.004279
0.1412,0.004368,0.004209
0.1414,0.004253,0.004056
0.1416,0.004552,0.004152
0.1418,0.004406,0.004304
0.142,0.004368,0.004272
0.1422,0.004679,0.004177
0.1424,0.004381,0.004171
0.1426,0.004438,0.004228
0.1428,0.004476,0.00419
0.143,0.004368,0.004209
0.1432,0.00433,0.004272
0.1434,0.004431,0.004222
0.1436,0.00445,0.004114
0.1438,0.004527,0.004311
0.144,0.004374,0.004056
0.1442,0.004514,0.004215
0.1444,0.004495,0.004266
0.1446,0.004406,0.003967
0.1448,0.004381,0.004279
0.145,0.004501,0.004082
0.1452,0.004457,0.00412
0.1454,0.004597,0.004171
0.1456,0.004463,0.004088
0.1458,0.0044,0.004094
0.146,0.004476,0.004094
0.1462,0.004501,0.004177
0.1464,0.004361,0.004063
0.1466,0.004349,0.004272
0.1468,0.004336,0.00419
0.147,0.004463,0.004069
0.1472,0.004552,0.004044
0.1474,0.004412,0.004222
0.1476,0.004285,0.004126
0.1478,0.004476,0.004266
0.148,0.004361,0.004145
0.1482,0.00445,0.004133
0.1484,0.004584,0.004196
0.1486,0.004533,0.004253
0.1488,0.00433,0.004018
0.149,0.0044,0.003986
0.1492,0.004355,0.004228
0.1494,0.004406,0.004056
0.1496,0.004527,0.004069
0.1498,0.004431,0.003955
0.15,0.004425,0.004107
0.1502,0.004438,0.004063
0.1504,0.004292,0.004152
0.1506,0.004361,0.004292
0.1508,0.004438,0.004145
0.151,0.004476,0.004164
0.1512,0.004323,0.004247
0.1514,0.004457,0.004094
0.1516,0.004514,0.004241
0.1518,0.004381,0.004088
0.152,0.00452,0.00412
0.1522,0.004406,0.00419
0.1524,0.004317,0.004139
0.1526,0.004539,0.004183
0.1528,0.004336,0.004133
0.153,0.004438,0.004158
0.1532,0.004317,0.004082
0.1534,0.004565,0.003935
0.1536,0.004457,0.004063
0.1538,0.004641,0.004196
0.154,0.00459,0.004164
0.1542,0.004298,0.004183
0.1544,0.00447,0.004241
0.1546,0.004565,0.004037
0.1548,0.004501,0.004183
0.155,0.0044,0.004094
0.1552,0.004381,0.004152
0.1554,0.004272,0.004069
0.1556,0.004571,0.004094
0.1558,0.00452,0.004164
0.156,0.004381,0.004342
0.1562,0.004234,0.004272
0.1564,0.004361,0.004133
0.1566,0.004546,0.004114
0.1568,0.004349,0.004145
0.157,0.004482,0.004075
0.1572,0.004444,0.004075
0.1574,0.004311,0.004266
0.1576,0.00445,0.004069
0.1578,0.004444,0.004183
0.158,0.004419,0.004088
0.1582,0.004533,0.004171
0.1584,0.004381,0.004082
0.1586,0.004368,0.004241
0.1588,0.004457,0.004145
0.159,0.004438,0.004164
0.1592,0.004527,0.003935
0.1594,0.004368,0.004298
0.1596,0.004495,0.004292
0.1598,0.004253,0.004215
0.16,0.004527,0.00433
0.1602,0.004374,0.004145
0.1604,0.004489,0.004222
0.1606,0.004234,0.004425
0.1608,0.004361,0.004145
0.161,0.004368,0.003904
0.1612,0.00433,0.003967
0.1614,0.004431,0.004196
0.1616,0.004349,0.004266
0.1618,0.004457,0.004209
0.162,0.004215,0.004139
0.1622,0.004406,0.00426
0.1624,0.004571,0.004164
0.1626,0.004463,0.004234
0.1628,0.004444,0.004069
0.163,0.004501,0.004177
0.1632,0.004508,0.004266
0.1634,0.004387,0.003935
0.1636,0.004387,0.004266
0.1638,0.004539,0.004292
0.164,0.004565,0.004222
0.1642,0.004552,0.004158
0.1644,0.004272,0.004253
0.1646,0.004279,0.00398
0.1648,0.00445,0.004082
0.165,0.0044,0.004158
0.1652,0.004565,0.004044
0.1654,0.00419,0.004253
0.1656,0.004527,0.00419
0.1658,0.004425,0.004037
0.166,0.004374,0.004215
0.1662,0.004381,0.004152
0.1664,0.004482,0.004145
0.1666,0.004419,0.004336
0.1668,0.004565,0.004152
0.167,0.004533,0.004069
0.1672,0.004368,0.004114
0.1674,0.004495,0.004342
0.1676,0.00445,0.004075
0.1678,0.004387,0.004139
0.168,0.004565,0.00419
0.1682,0.004457,0.004082
0.1684,0.004438,0.004209
0.1686,0.004597,0.004196
0.1688,0.004431,0.004094
0.169,0.004361,0.004107
0.1692,0.004431,0.004012
0.1694,0.00447,0.004234
0.1696,0.004508,0.004075
0.1698,0.004482,0.00412
0.17,0.004311,0.004241
0.1702,0.004501,0.00419
0.1704,0.004597,0.004183
0.1706,0.004406,0.004222
0.1708,0.004355,0.004253
0.171,0.004438,0.004145
0.1712,0.00452,0.003961
0.1714,0.004539,0.004069
0.1716,0.004609,0.004196
0.1718,0.004285,0.004215
0.172,0.004431,0.004203
0.1722,0.004311,0.004171
0.1724,0.004425,0.004056
0.1726,0.004622,0.004234
0.1728,0.004565,0.00419
0.173,0.004425,0.004044
0.1732,0.004501,0.003993
0.1734,0.004355,0.004114
0.1736,0.004311,0.004139
0.1738,0.004552,0.00405
0.174,0.004476,0.004209
0.1742,0.004514,0.004044
0.1744,0.004342,0.004107
0.1746,0.004501,0.004107
0.1748,0.004412,0.004082
0.175,0.004425,0.003999
0.1752,0.00433,0.00405
0.1754,0.004603,0.004203
0.1756,0.0044,0.004215
0.1758,0.004342,0.004158
0.176,0.004247,0.003808
0.1762,0.00452,0.004025
0.1764,0.004393,0.004025
0.1766,0.004228,0.004247
0.1768,0.004571,0.004031
0.177,0.004463,0.004222
0.1772,0.00445,0.004152
0.1774,0.004203,0.004139
0.1776,0.004196,0.004247
0.1778,0.004361,0.004222
0.178,0.004272,0.00419
0.1782,0.004387,0.004056
0.1784,0.004387,0.004228
0.1786,0.004203,0.00405
0.1788,0.004559,0.004145
0.179,0.004292,0.004247
0.1792,0.004425,0.004126
0.1794,0.004393,0.004114
0.1796,0.004387,0.004018
0.1798,0.004381,0.004164
0.18,0.004368,0.00405
0.1802,0.004533,0.004298
0.1804,0.004578,0.004126
0.1806,0.004393,0.004228
0.1808,0.004304,0.004139
0.181,0.0044,0.003974
0.1812,0.004298,0.004241
0.1814,0.004463,0.004069
0.1816,0.00459,0.004044
0.1818,0.004457,0.004152
0.182,0.004565,0.00419
0.1822,0.00445,0.004012
0.1824,0.004463,0.004241
0.1826,0.00445,0.004374
0.1828,0.004304,0.004298
0.183,0.004622,0.003955
0.1832,0.004438,0.004311
0.1834,0.004336,0.004203
0.1836,0.004476,0.004203
0.1838,0.004539,0.004063
0.184,0.004419,0.004075
0.1842,0.00452,0.00412
0.1844,0.004476,0.003935
0.1846,0.004285,0.004139
0.1848,0.004463,0.00405
0.185,0.004393,0.004063
0.1852,0.004406,0.004164
0.1854,0.004457,0.004215
0.1856,0.004552,0.004133
0.1858,0.004527,0.003897
0.186,0.00447,0.004101
0.1862,0.004641,0.004247
0.1864,0.00466,0.003929
0.1866,0.004349,0.004139
0.1868,0.004406,0.004183
0.187,0.004342,0.004234
0.1872,0.004361,0.004222
0.1874,0.004419,0.004126
0.1876,0.004508,0.004063
0.1878,0.0044,0.004171
0.188,0.004635,0.004419
0.1882,0.004406,0.004133
0.1884,0.004279,0.003923
0.1886,0.004336,0.00405
0.1888,0.004444,0.004228
0.189,0.00452,0.004241
0.1892,0.004253,0.004234
0.1894,0.004234,0.004215
0.1896,0.004317,0.004088
0.1898,0.004463,0.004228
0.19,0.004482,0.004203
0.1902,0.004253,0.00426
0.1904,0.004368,0.003974
0.1906,0.004393,0.004241
0.1908,0.004349,0.004292
0.191,0.004501,0.004292
0.1912,0.00433,0.004037
0.1914,0.004311,0.004031
0.1916,0.004311,0.004164
0.1918,0.004495,0.004088
0.192,0.004272,0.004234
0.1922,0.004527,0.004215
0.1924,0.0044,0.004133
0.1926,0.004342,0.004253
0.1928,0.004482,0.004298
0.193,0.004476,0.003955
0.1932,0.004203,0.004311
0.1934,0.004514,0.004107
0.1936,0.004508,0.004114
0.1938,0.004603,0.004381
0.194,0.004476,0.004196
0.1942,0.00433,0.004152
0.1944,0.004667,0.00398
0.1946,0.004342,0.004215
0.1948,0.004323,0.004139
0.195,0.004381,0.004044
0.1952,0.004431,0.003948
0.1954,0.004425,0.00405
0.1956,0.004387,0.00412
0.1958,0.004533,0.004241
0.196,0.004393,0.004203
0.1962,0.004272,0.003935
0.1964,0.004412,0.004304
0.1966,0.004298,0.004203
0.1968,0.00433,0.004107
0.197,0.004438,0.004228
0.1972,0.004508,0.004241
0.1974,0.004298,0.004094
0.1976,0.004603,0.004018
0.1978,0.004381,0.004234
0.198,0.004374,0.004044
0.1982,0.004527,0.004158
0.1984,0.004533,0.004253
0.1986,0.0044,0.004145
0.1988,0.004431,0.003935
0.199,0.004349,0.003999
0.1992,0.004381,0.004215
0.1994,0.004387,0.004266
0.1996,0.004552,0.00398
0.1998,0.004311,0.004139
0.2,0.004425,0.004037
0.2002,0.004387,0.004222
0.2004,0.00445,0.004133
0.2006,0.004578,0.004094
0.2008,0.004336,0.004419
0.201,0.004501,0.004247
0.2012,0.004444,0.003993
0.2014,0.004387,0.004025
0.2016,0.004489,0.00391
0.2018,0.004622,0.004292
0.202,0.004489,0.004241
0.2022,0.00447,0.004272
0.2024,0.004311,0.004203
0.2026,0.004336,0.004304
0.2028,0.00447,0.00419
0.203,0.00447,0.004082
0.2032,0.004412,0.004292
0.2034,0.004641,0.004101
0.2036,0.004629,0.004082
0.2038,0.004546,0.003974
0.204,0.004381,0.004228
0.2042,0.00452,0.004158
0.2044,0.0044,0.004133
0.2046,0.004489,0.004133
0.2048,0.004565,0.004145
0.205,0.004361,0.004317
0.2052,0.004444,0.00398
0.2054,0.004635,0.004241
0.2056,0.004272,0.004145
0.2058,0.004361,0.004101
0.206,0.004501,0.004323
0.2062,0.00445,0.004133
0.2064,0.004412,0.003986
0.2066,0.004266,0.004158
0.2068,0.004546,0.004088
0.207,0.004311,0.004171
0.2072,0.004393,0.004228
0.2074,0.004234,0.004126
0.2076,0.004425,0.004069
0.2078,0.004406,0.004145
0.208,0.004546,0.003955
0.2082,0.004412,0.003897
0.2084,0.004539,0.00426
0.2086,0.004629,0.004152
0.2088,0.004514,0.004272
0.209,0.00445,0.004107
0.2092,0.004641,0.004063
0.2094,0.004355,0.004056
0.2096,0.004412,0.00419
0.2098,0.004361,0.004025
0.21,0.004425,0.004139
0.2102,0.004406,0.004139
0.2104,0.004381,0.004133
0.2106,0.004495,0.004266
0.2108,0.004323,0.004164
0.211,0.004323,0.004082
0.2112,0.004482,0.004171
0.2114,0.004476,0.004133
0.2116,0.004368,0.004266
0.2118,0.004565,0.004292
0.212,0.004578,0.004082
0.2122,0.00433,0.00419
0.2124,0.004622,0.004133
0.2126,0.004311,0.004114
0.2128,0.004323,0.004203
0.213,0.004406,0.004114
0.2132,0.004247,0.00398
0.2134,0.004489,0.004171
0.2136,0.004368,0.004145
0.2138,0.004431,0.004088
0.214,0.004552,0.004381
0.2142,0.004349,0.004164
0.2144,0.004285,0.004215
0.2146,0.00447,0.003961
0.2148,0.004406,0.004037
0.215,0.004482,0.003929
0.2152,0.004514,0.00412
0.2154,0.004476,0.004158
0.2156,0.004495,0.004018
0.2158,0.004565,0.004253
0.216,0.004419,0.004196
0.2162,0.004425,0.004241
0.2164,0.004501,0.00419
0.2166,0.004349,0.004152
0.2168,0.004374,0.004075
0.217,0.004336,0.004044
0.2172,0.004374,0.003993
0.2174,0.004559,0.004025
0.2176,0.004393,0.004152
0.2178,0.004578,0.00419
0.218,0.004355,0.004266
0.2182,0.004298,0.003967
0.2184,0.00445,0.004005
0.2186,0.00447,0.004183
0.2188,0.004374,0.004101
0.219,0.00447,0.004101
0.2192,0.004635,0.004279
0.2194,0.004444,0.00412
0.2196,0.00459,0.004266
0.2198,0.004546,0.004285
0.22,0.004508,0.004044
0.2202,0.004495,0.004196
0.2204,0.004438,0.004152
0.2206,0.004482,0.004126
0.2208,0.004412,0.004298
0.221,0.004508,0.004209
0.2212,0.00445,0.00419
0.2214,0.00447,0.004228
0.2216,0.00447,0.004342
0.2218,0.004457,0.004012
0.222,0.004501,0.004025
0.2222,0.004438,0.004101
0.2224,0.004393,0.004342
0.2226,0.004419,0.004444
0.2228,0.004425,0.004018
0.223,0.004158,0.004266
0.2232,0.004603,0.004075
0.2234,0.004311,0.004209
0.2236,0.004419,0.004094
0.2238,0.004527,0.00405
0.224,0.004495,0.003974
0.2242,0.004501,0.004241
0.2244,0.004387,0.00419
0.2246,0.004533,0.004126
0.2248,0.004336,0.004094
0.225,0.004374,0.004012
0.2252,0.004368,0.004272
0.2254,0.004406,0.004088
0.2256,0.004387,0.00405
0.2258,0.004482,0.004037
0.226,0.004482,0.00412
0.2262,0.004381,0.003891
0.2264,0.004234,0.004158
0.2266,0.004381,0.003999
0.2268,0.004495,0.004152
0.227,0.004463,0.004171
0.2272,0.004438,0.004209
0.2274,0.004393,0.004012
0.2276,0.004444,0.004088
0.2278,0.004482,0.004094
0.228,0.004355,0.004203
0.2282,0.004234,0.004164
0.2284,0.004368,0.004222
0.2286,0.004603,0.003904
0.2288,0.004349,0.004272
0.229,0.004336,0.004082
0.2292,0.0044,0.004425
0.2294,0.004342,0.00405
0.2296,0.004292,0.00398
0.2298,0.004368,0.004152
0.23,0.004412,0.004101
0.2302,0.004463,0.004018
0.2304,0.004342,0.004139
0.2306,0.004412,0.004241
0.2308,0.004381,0.004031
0.231,0.004349,0.004152
0.2312,0.004292,0.004164
0.2314,0.004539,0.004126
0.2316,0.004419,0.004114
0.2318,0.004355,0.00405
0.232,0.004533,0.004152
0.2322,0.004304,0.004075
0.2324,0.004438,0.004145
0.2326,0.004533,0.003999
0.2328,0.004489,0.004183
0.233,0.004463,0.004114
0.2332,0.00445,0.004171
0.2334,0.004317,0.004063
0.2336,0.004412,0.004126
0.2338,0.004393,0.004171
0.234,0.004552,0.004203
0.2342,0.004527,0.004133
0.2344,0.004476,0.00419
0.2346,0.004279,0.004241
0.2348,0.00452,0.004012
0.235,0.004501,0.004292
0.2352,0.00459,0.004171
0.2354,0.004374,0.004025
0.2356,0.004501,0.004368
0.2358,0.004374,0.004241
0.236,0.00452,0.004094
0.2362,0.0044,0.004183
0.2364,0.00433,0.004253
0.2366,0.004533,0.004285
0.2368,0.004311,0.004247
0.237,0.004368,0.003986
0.2372,0.004349,0.004374
0.2374,0.004482,0.004133
0.2376,0.004311,0.004088
0.2378,0.004463,0.003885
0.238,0.004349,0.004266
0.2382,0.004641,0.004082
0.2384,0.004253,0.00412
0.2386,0.004203,0.004044
0.2388,0.004476,0.004196
0.239,0.004539,0.004374
0.2392,0.004514,0.004094
0.2394,0.004438,0.004133
0.2396,0.004425,0.004139
0.2398,0.00459,0.004133
0.24,0.004482,0.004171
0.2402,0.004368,0.004126
0.2404,0.004482,0.004272
0.2406,0.004533,0.004094
0.2408,0.004387,0.004209
0.241,0.004629,0.004139
0.2412,0.004393,0.00426
0.2414,0.004431,0.004196
0.2416,0.004457,0.004158
0.2418,0.004342,0.004069
0.242,0.004489,0.004158
0.2422,0.004279,0.00391
0.2424,0.004565,0.004336
0.2426,0.00433,0.004177
0.2428,0.004463,0.004126
0.243,0.004279,0.004031
0.2432,0.00433,0.004069
0.2434,0.004616,0.00405
0.2436,0.004368,0.004139
0.2438,0.004495,0.004145
0.244,0.004495,0.004253
0.2442,0.0044,0.004031
0.2444,0.004311,0.004222
0.2446,0.004361,0.004012
0.2448,0.004304,0.004069
0.245,0.004527,0.004114
0.2452,0.004381,0.004139
0.2454,0.004431,0.00398
0.2456,0.004495,0.004139
0.2458,0.0044,0.004177
0.246,0.00447,0.003986
0.2462,0.004381,0.004114
0.2464,0.00445,0.004133
0.2466,0.004349,0.003961
0.2468,0.004393,0.004012
0.247,0.004336,0.004164
0.2472,0.004622,0.004075
0.2474,0.004272,0.00412
0.2476,0.004508,0.004266
0.2478,0.004304,0.004126
0.248,0.00445,0.004196
0.2482,0.00445,0.004279
0.2484,0.004546,0.004222
0.2486,0.00433,0.004145
0.2488,0.004368,0.004164
0.249,0.004444,0.004209
0.2492,0.004368,0.004183
0.2494,0.004482,0.00412
0.2496,0.004419,0.004164
0.2498,0.004317,0.004152
0.25,0.004463,0.004241
0.2502,0.004387,0.004069
0.2504,0.004425,0.004126
0.2506,0.004393,0.004107
0.2508,0.004419,0.004037
0.251,0.004489,0.00426
0.2512,0.004419,0.004145
0.2514,0.00445,0.00426
0.2516,0.004539,0.004247
0.2518,0.00445,0.004234
0.252,0.004406,0.004355
0.2522,0.004425,0.004196
0.2524,0.004482,0.004082
0.2526,0.004311,0.004247
0.2528,0.004508,0.004152
0.253,0.004705,0.00405
0.2532,0.004495,0.004037
0.2534,0.004571,0.004152
0.2536,0.004641,0.004183
0.2538,0.004323,0.004177
0.254,0.004609,0.004247
0.2542,0.004311,0.004152
0.2544,0.004514,0.004253
0.2546,0.00447,0.004107
0.2548,0.004749,0.004203
0.255,0.004514,0.004241
0.2552,0.004317,0.004171
0.2554,0.004444,0.004247
0.2556,0.004431,0.004253
0.2558,0.004527,0.00433
0.256,0.004457,0.00398
0.2562,0.004559,0.003986
0.2564,0.004463,0.004114
0.2566,0.00447,0.004203
0.2568,0.004514,0.00398
0.257,0.004444,0.004145
0.2572,0.004489,0.004044
0.2574,0.004304,0.004152
0.2576,0.004419,0.004292
0.2578,0.004444,0.004311
0.258,0.004476,0.004152
0.2582,0.004387,0.004031
0.2584,0.004361,0.003878
0.2586,0.00445,0.003961
0.2588,0.004368,0.003961
0.259,0.004489,0.004107
0.2592,0.004648,0.004088
0.2594,0.004463,0.004133
0.2596,0.00447,0.004317
0.2598,0.004164,0.004177
0.26,0.004444,0.004126
0.2602,0.00447,0.004088
0.2604,0.004336,0.004164
0.2606,0.004107,0.004063
0.2608,0.004552,0.00433
0.261,0.004279,0.004247
0.2612,0.004292,0.004139
0.2614,0.004406,0.004126
0.2616,0.004355,0.003999
0.2618,0.004126,0.004171
0.262,0.004425,0.004253
0.2622,0.004374,0.004152
0.2624,0.004393,0.004126
0.2626,0.00433,0.004152
0.2628,0.004304,0.004228
0.263,0.004253,0.003942
0.2632,0.004272,0.004126
0.2634,0.004292,0.00398
0.2636,0.00445,0.004171
0.2638,0.004482,0.004292
0.264,0.00433,0.004114
0.2642,0.004304,0.004171
0.2644,0.004463,0.004139
0.2646,0.004482,0.004247
0.2648,0.00445,0.00412
0.265,0.004559,0.004133
0.2652,0.004489,0.004304
0.2654,0.004381,0.004133
0.2656,0.004387,0.004292
0.2658,0.0044,0.004342
0.266,0.004374,0.004069
0.2662,0.004508,0.004005
0.2664,0.004533,0.004234
0.2666,0.004463,0.004177
0.2668,0.004546,0.004094
0.267,0.004406,0.004298
0.2672,0.004457,0.004139
0.2674,0.004431,0.00426
0.2676,0.004495,0.004139
0.2678,0.004266,0.004152
0.268,0.004489,0.004253
0.2682,0.004393,0.004082
0.2684,0.004641,0.004311
0.2686,0.00445,0.004272
0.2688,0.004368,0.00412
0.269,0.004317,0.004114
0.2692,0.004438,0.004069
0.2694,0.00459,0.004094
0.2696,0.00459,0.004126
0.2698,0.004482,0.004063
0.27,0.004609,0.004075
0.2702,0.004431,0.004222
0.2704,0.004463,0.003948
0.2706,0.00433,0.004196
0.2708,0.00452,0.004069
0.271,0.004527,0.004247
0.2712,0.004616,0.004234
0.2714,0.004381,0.00405
0.2716,0.004578,0.004056
0.2718,0.004514,0.004126
0.272,0.004323,0.004063
0.2722,0.004482,0.004075
0.2724,0.004616,0.004183
0.2726,0.004438,0.00426
0.2728,0.004476,0.004101
0.273,0.004304,0.004145
0.2732,0.004489,0.004368
0.2734,0.004387,0.004126
0.2736,0.004361,0.003923
0.2738,0.004489,0.004126
0.274,0.004584,0.003993
0.2742,0.004298,0.004012
0.2744,0.004361,0.003967
0.2746,0.004406,0.004075
0.2748,0.00452,0.004075
0.275,0.00447,0.00419
0.2752,0.004342,0.00419
0.2754,0.004412,0.004031
0.2756,0.004571,0.004139
0.2758,0.00452,0.00412
0.276,0.004361,0.004152
0.2762,0.004215,0.004139
0.2764,0.004361,0.004164
0.2766,0.004495,0.004177
0.2768,0.004482,0.004101
0.277,0.004247,0.004222
0.2772,0.004495,0.004018
0.2774,0.004266,0.004025
0.2776,0.004317,0.004349
0.2778,0.004527,0.004164
0.278,0.004374,0.004114
0.2782,0.004508,0.004183
0.2784,0.004508,0.004025
0.2786,0.004368,0.004018
0.2788,0.004374,0.004037
0.279,0.004482,0.004241
0.2792,0.004304,0.00391
0.2794,0.004196,0.004094
0.2796,0.004489,0.00405
0.2798,0.004482,0.004177
0.28,0.00452,0.004082
0.2802,0.004476,0.004279
0.2804,0.004387,0.004222
0.2806,0.00445,0.004012
0.2808,0.004361,0.004056
0.281,0.004438,0.004075
0.2812,0.00447,0.004101
0.2814,0.0044,0.004094
0.2816,0.004724,0.004234
0.2818,0.004559,0.004107
0.282,0.004393,0.004234
0.2822,0.004476,0.004228
0.2824,0.004501,0.004215
0.2826,0.004457,0.004139
0.2828,0.00433,0.00391
0.283,0.004476,0.004317
0.2832,0.004234,0.004203
0.2834,0.004501,0.004222
0.2836,0.004425,0.004171
0.2838,0.004349,0.004241
0.284,0.004508,0.004152
0.2842,0.004406,0.004196
0.2844,0.004393,0.00412
0.2846,0.004616,0.004114
0.2848,0.004533,0.004177
0.285,0.004559,0.004203
0.2852,0.004215,0.004247
0.2854,0.004539,0.004152
0.2856,0.004374,0.004196
0.2858,0.004381,0.004063
0.286,0.00445,0.004177
0.2862,0.00447,0.004336
0.2864,0.004349,0.004088
0.2866,0.004559,0.004304
0.2868,0.004508,0.004209
0.287,0.004533,0.004114
0.2872,0.004546,0.00419
0.2874,0.004514,0.004183
0.2876,0.004457,0.004082
0.2878,0.004489,0.004361
0.288,0.004158,0.004196
0.2882,0.004317,0.004183
0.2884,0.004482,0.004133
0.2886,0.004317,0.004025
0.2888,0.004527,0.004342
0.289,0.004285,0.004228
0.2892,0.004406,0.004241
0.2894,0.004622,0.004082
0.2896,0.004482,0.00405
0.2898,0.00447,0.003999
0.29,0.004323,0.004158
0.2902,0.004292,0.004075
0.2904,0.004482,0.003999
0.2906,0.004412,0.004069
0.2908,0.00433,0.004336
0.291,0.00447,0.004196
0.2912,0.004457,0.004101
0.2914,0.004292,0.004272
0.2916,0.004387,0.004228
0.2918,0.004539,0.004152
0.292,0.004266,0.004069
0.2922,0.004349,0.00426
0.2924,0.004393,0.004037
0.2926,0.004266,0.004323
0.2928,0.004336,0.004031
0.293,0.004279,0.004222
0.2932,0.004349,0.003967
0.2934,0.004247,0.004444
0.2936,0.004336,0.004209
0.2938,0.004431,0.004183
0.294,0.004133,0.004094
0.2942,0.004349,0.004361
0.2944,0.004241,0.004183
0.2946,0.004431,0.004164
0.2948,0.004419,0.00412
0.295,0.004336,0.004044
0.2952,0.00419,0.004012
0.2954,0.004578,0.004107
0.2956,0.00445,0.004222
0.2958,0.004457,0.004368
0.296,0.004444,0.004209
0.2962,0.004438,0.003935
0.2964,0.00447,0.004355
0.2966,0.004349,0.004145
0.2968,0.004323,0.003916
0.297,0.004311,0.004209
0.2972,0.004431,0.004164
0.2974,0.004565,0.004145
0.2976,0.004374,0.004044
0.2978,0.004482,0.00412
0.298,0.004539,0.004285
0.2982,0.004342,0.004082
0.2984,0.004546,0.004018
0.2986,0.004616,0.003986
0.2988,0.004501,0.004025
0.299,0.004584,0.004272
0.2992,0.004495,0.004164
0.2994,0.004419,0.004196
0.2996,0.004508,0.004171
0.2998,0.004387,0.003999
0.3,0.00445,0.00405
0.3002,0.004438,0.004292
0.3004,0.004387,0.004177
0.3006,0.004463,0.004298
0.3008,0.004355,0.00419
0.301,0.004311,0.00419
0.3012,0.004374,0.004311
0.3014,0.004527,0.004177
0.3016,0.004298,0.004266
0.3018,0.004457,0.004152
0.302,0.004272,0.004082
0.3022,0.004368,0.004298
0.3024,0.004279,0.004298
0.3026,0.004438,0.004082
0.3028,0.004482,0.00405
0.303,0.004476,0.004171
0.3032,0.004393,0.004177
0.3034,0.004654,0.004196
0.3036,0.004724,0.004279
0.3038,0.004552,0.004075
0.304,0.0044,0.004203
0.3042,0.004673,0.004107
0.3044,0.004489,0.004317
0.3046,0.004654,0.004114
0.3048,0.00452,0.00412
0.305,0.004272,0.004196
0.3052,0.00452,0.004139
0.3054,0.004298,0.004133
0.3056,0.004527,0.004279
0.3058,0.004514,0.004145
0.306,0.004406,0.004139
0.3062,0.004692,0.004177
0.3064,0.004342,0.004203
0.3066,0.004578,0.00419
0.3068,0.004215,0.00426
0.307,0.004425,0.004069
0.3072,0.004482,0.00405
0.3074,0.004482,0.004209
0.3076,0.004361,0.00419
0.3078,0.004279,0.004234
0.308,0.00426,0.004152
0.3082,0.004578,0.004037
0.3084,0.004705,0.004114
0.3086,0.004285,0.004203
0.3088,0.004514,0.004241
0.309,0.004527,0.004056
0.3092,0.0044,0.003999
0.3094,0.004387,0.004044
0.3096,0.0044,0.004209
0.3098,0.004412,0.004107
0.31,0.004425,0.004037
0.3102,0.004425,0.003942
0.3104,0.004476,0.004183
0.3106,0.004501,0.004196
0.3108,0.004533,0.004234
0.311,0.004438,0.003942
0.3112,0.004323,0.004139
0.3114,0.004539,0.004171
0.3116,0.00447,0.004114
0.3118,0.004266,0.004114
0.312,0.004495,0.004183
0.3122,0.004393,0.004025
0.3124,0.004463,0.004005
0.3126,0.00426,0.004107
0.3128,0.004539,0.004253
0.313,0.004349,0.004025
0.3132,0.004565,0.004005
0.3134,0.004463,0.004177
0.3136,0.004667,0.004285
0.3138,0.00426,0.004126
0.314,0.004393,0.004025
0.3142,0.004457,0.004215
0.3144,0.004476,0.004311
0.3146,0.00433,0.004317
0.3148,0.004393,0.004209
0.315,0.004686,0.004145
0.3152,0.004539,0.004107
0.3154,0.00452,0.004196
0.3156,0.004342,0.004139
0.3158,0.004336,0.004005
0.316,0.004368,0.003948
0.3162,0.004508,0.004323
0.3164,0.004495,0.004082
0.3166,0.004393,0.004234
0.3168,0.004438,0.004005
0.317,0.004476,0.003834
0.3172,0.004342,0.004241
0.3174,0.004222,0.004101
0.3176,0.004311,0.004107
0.3178,0.004349,0.004037
0.318,0.004431,0.004228
0.3182,0.004565,0.004203
0.3184,0.004393,0.004177
0.3186,0.004629,0.004177
0.3188,0.00459,0.004234
0.319,0.004355,0.004044
0.3192,0.004311,0.004012
0.3194,0.00447,0.004152
0.3196,0.004431,0.00405
0.3198,0.004603,0.004215
0.32,0.004234,0.004139
0.3202,0.00459,0.004234
0.3204,0.004565,0.004152
0.3206,0.004393,0.004012
0.3208,0.004361,0.00426
0.321,0.00466,0.004171
0.3212,0.004374,0.004133
0.3214,0.004412,0.004209
0.3216,0.004628,0.004164
0.3218,0.004298,0.00412
0.322,0.004419,0.004247
0.3222,0.004539,0.00398
0.3224,0.004412,0.00405
0.3226,0.00459,0.004203
0.3228,0.0044,0.004311
0.323,0.004775,0.004292
0.3232,0.004438,0.004152
0.3234,0.004431,0.004145
0.3236,0.004425,0.00412
0.3238,0.004317,0.004018
0.324,0.004292,0.004018
0.3242,0.0044,0.004158
0.3244,0.004501,0.004253
0.3246,0.004482,0.004311
0.3248,0.004412,0.004025
0.325,0.004336,0.00419
0.3252,0.004304,0.004101
0.3254,0.004698,0.004152
0.3256,0.004673,0.004114
0.3258,0.004361,0.004094
0.326,0.004304,0.004107
0.3262,0.004272,0.004101
0.3264,0.00445,0.004145
0.3266,0.004419,0.004107
0.3268,0.004463,0.00412
0.327,0.004501,0.004082
0.3272,0.004323,0.004171
0.3274,0.004425,0.004266
0.3276,0.004514,0.004228
0.3278,0.00433,0.003897
0.328,0.004501,0.004107
0.3282,0.004381,0.004005
0.3284,0.004279,0.00412
0.3286,0.004361,0.004222
0.3288,0.004247,0.004063
0.329,0.004317,0.004183
0.3292,0.004183,0.004183
0.3294,0.004508,0.004183
0.3296,0.004482,0.004209
0.3298,0.004508,0.004025
0.33,0.004482,0.004272
0.3302,0.00445,0.00377
0.3304,0.004482,0.004183
0.3306,0.004387,0.004094
0.3308,0.00433,0.004158
0.331,0.004457,0.004101
0.3312,0.004431,0.004101
0.3314,0.004336,0.004349
0.3316,0.004527,0.004196
0.3318,0.00433,0.00419
0.332,0.004349,0.004177
0.3322,0.004368,0.004253
0.3324,0.004374,0.00426
0.3326,0.004412,0.003986
0.3328,0.004425,0.004088
0.333,0.004552,0.004088
0.3332,0.004419,0.004266
0.3334,0.004349,0.004101
0.3336,0.004463,0.00412
0.3338,0.004355,0.003974
0.334,0.004412,0.004145
0.3342,0.004718,0.004272
0.3344,0.004374,0.00419
0.3346,0.004304,0.004196
0.3348,0.004501,0.004152
0.335,0.004565,0.004247
0.3352,0.004387,0.004101
0.3354,0.004431,0.004063
0.3356,0.004578,0.004037
0.3358,0.00452,0.004419
0.336,0.004381,0.004145
0.3362,0.004495,0.004012
0.3364,0.00433,0.004114
0.3366,0.004559,0.004101
0.3368,0.004438,0.004342
0.337,0.004571,0.004266
0.3372,0.00466,0.004088
0.3374,0.00452,0.004044
0.3376,0.004431,0.003942
0.3378,0.004501,0.004069
0.338,0.004648,0.004082
0.3382,0.004476,0.00426
0.3384,0.004546,0.004044
0.3386,0.004743,0.004139
0.3388,0.004508,0.004158
0.339,0.004431,0.004114
0.3392,0.00445,0.004292
0.3394,0.004501,0.004018
0.3396,0.004603,0.004152
0.3398,0.004412,0.004152
0.34,0.004584,0.00405
0.3402,0.0044,0.004114
0.3404,0.004412,0.003986
0.3406,0.004368,0.00398
0.3408,0.004679,0.004158
0.341,0.004228,0.004101
0.3412,0.004457,0.004183
0.3414,0.004304,0.004031
0.3416,0.004323,0.004247
0.3418,0.004603,0.004171
0.342,0.00433,0.004285
0.3422,0.004622,0.004196
0.3424,0.004349,0.004088
0.3426,0.004241,0.004158
0.3428,0.004355,0.004298
0.343,0.004571,0.00419
0.3432,0.004412,0.004203
0.3434,0.004139,0.004005
0.3436,0.004533,0.004005
0.3438,0.004482,0.004139
0.344,0.004584,0.004075
0.3442,0.004489,0.004044
0.3444,0.00447,0.004183
0.3446,0.004342,0.00412
0.3448,0.004323,0.004164
0.345,0.004463,0.004164
0.3452,0.004527,0.00412
0.3454,0.004247,0.004158
0.3456,0.004355,0.003967
0.3458,0.004247,0.00398
0.346,0.00447,0.004247
0.3462,0.004285,0.004177
0.3464,0.004622,0.004164
0.3466,0.004215,0.004164
0.3468,0.004349,0.004285
0.347,0.004533,0.00426
0.3472,0.004457,0.003974
0.3474,0.004425,0.004152
0.3476,0.004393,0.004228
0.3478,0.004476,0.004164
0.348,0.004616,0.004114
0.3482,0.004387,0.004158
0.3484,0.004654,0.004241
0.3486,0.004336,0.00426
0.3488,0.004298,0.004158
0.349,0.004463,0.004114
0.3492,0.0044,0.004215
0.3494,0.004533,0.004177
0.3496,0.0044,0.003993
0.3498,0.004323,0.004196
0.35,0.004438,0.004336
0.3502,0.004584,0.004234
0.3504,0.004304,0.004317
0.3506,0.004597,0.004158
0.3508,0.004419,0.004152
0.351,0.004349,0.004101
0.3512,0.004419,0.004285
0.3514,0.004489,0.004063
0.3516,0.004527,0.004196
0.3518,0.004425,0.004272
0.352,0.004514,0.004228
0.3522,0.004406,0.004266
0.3524,0.004546,0.004183
0.3526,0.004234,0.004215
0.3528,0.00459,0.004164
0.353,0.004381,0.004285
0.3532,0.004285,0.004336
0.3534,0.004628,0.00412
0.3536,0.004476,0.004285
0.3538,0.004482,0.004183
0.354,0.004444,0.003999
0.3542,0.004533,0.004234
0.3544,0.004387,0.004183
0.3546,0.004609,0.003948
0.3548,0.004463,0.004285
0.355,0.004749,0.004228
0.3552,0.004381,0.004279
0.3554,0.004304,0.004177
0.3556,0.004368,0.004171
0.3558,0.004406,0.004152
0.356,0.004514,0.004253
0.3562,0.004412,0.004253
0.3564,0.00447,0.004133
0.3566,0.00447,0.004171
0.3568,0.004381,0.004107
0.357,0.004368,0.004012
0.3572,0.004381,0.00412
0.3574,0.004616,0.004145
0.3576,0.004514,0.004183
0.3578,0.004323,0.003961
0.358,0.004419,0.004133
0.3582,0.004559,0.004177
0.3584,0.004501,0.004139
0.3586,0.004317,0.004209
0.3588,0.004063,0.004183
0.359,0.004349,0.004292
0.3592,0.004419,0.004044
0.3594,0.004349,0.004158
0.3596,0.004292,0.004025
0.3598,0.004584,0.004183
0.36,0.004768,0.004311
0.3602,0.0044,0.004171
0.3604,0.00433,0.004114
0.3606,0.004406,0.00419
0.3608,0.004317,0.004234
0.361,0.004253,0.004215
0.3612,0.004489,0.004164
0.3614,0.004323,0.004279
0.3616,0.004438,0.004222
0.3618,0.004482,0.004317
0.362,0.004431,0.004139
0.3622,0.004381,0.004266
0.3624,0.004368,0.004234
0.3626,0.004336,0.004292
0.3628,0.004368,0.004196
0.363,0.004431,0.004101
0.3632,0.004342,0.004094
0.3634,0.004425,0.004088
0.3636,0.004381,0.004177
0.3638,0.004419,0.004215
0.364,0.004374,0.004253
0.3642,0.00447,0.004209
0.3644,0.004419,0.004018
0.3646,0.004508,0.004279
0.3648,0.004476,0.004164
0.365,0.004349,0.00384
0.3652,0.004419,0.004069
0.3654,0.004298,0.004222
0.3656,0.004209,0.004152
0.3658,0.004444,0.004203
0.366,0.004323,0.004063
0.3662,0.004679,0.004241
0.3664,0.004489,0.003916
0.3666,0.004533,0.004088
0.3668,0.004374,0.004304
0.367,0.004457,0.004012
0.3672,0.004431,0.004253
0.3674,0.004648,0.004126
0.3676,0.004381,0.004374
0.3678,0.004628,0.004069
0.368,0.00447,0.004114
0.3682,0.004508,0.004203
0.3684,0.004311,0.004139
0.3686,0.004393,0.004139
0.3688,0.004425,0.004158
0.369,0.004501,0.004107
0.3692,0.004387,0.00405
0.3694,0.004489,0.004253
0.3696,0.004463,0.004063
0.3698,0.004584,0.004082
0.37,0.004419,0.004164
0.3702,0.004559,0.004133
0.3704,0.004361,0.004107
0.3706,0.004387,0.004094
0.3708,0.004368,0.004056
0.371,0.00445,0.004164
0.3712,0.004425,0.004336
0.3714,0.004501,0.004107
0.3716,0.004438,0.004101
0.3718,0.004355,0.003967
0.372,0.00447,0.003923
0.3722,0.004336,0.003891
0.3724,0.00459,0.004056
0.3726,0.004387,0.004101
0.3728,0.004571,0.00412
0.373,0.004495,0.003916
0.3732,0.004514,0.003986
0.3734,0.004565,0.003999
0.3736,0.004597,0.004107
0.3738,0.00447,0.004126
0.374,0.004393,0.004158
0.3742,0.004482,0.00419
0.3744,0.004374,0.003942
0.3746,0.004393,0.004069
0.3748,0.004311,0.004133
0.375,0.004311,0.004222
0.3752,0.004552,0.004005
0.3754,0.004387,0.004107
0.3756,0.004241,0.004234
0.3758,0.00452,0.004349
0.376,0.004438,0.004101
0.3762,0.004361,0.004133
0.3764,0.004279,0.004158
0.3766,0.00445,0.004241
0.3768,0.004381,0.003993
0.377,0.004374,0.004145
0.3772,0.004679,0.004031
0.3774,0.004368,0.004126
0.3776,0.00445,0.004152
0.3778,0.004279,0.004075
0.378,0.004285,0.004177
0.3782,0.004419,0.004044
0.3784,0.004349,0.004272
0.3786,0.004222,0.004279
0.3788,0.0044,0.004101
0.379,0.004183,0.004164
0.3792,0.004317,0.004063
0.3794,0.004686,0.00412
0.3796,0.00445,0.004056
0.3798,0.004565,0.00405
0.38,0.004539,0.004031
0.3802,0.00447,0.004025
0.3804,0.004603,0.003961
0.3806,0.004552,0.004069
0.3808,0.004667,0.004272
0.381,0.004539,0.004139
0.3812,0.004514,0.004152
0.3814,0.004648,0.004114
0.3816,0.004425,0.004107
0.3818,0.00452,0.003993
0.382,0.004501,0.004266
0.3822,0.004425,0.004164
0.3824,0.004533,0.004164
0.3826,0.004406,0.004228
0.3828,0.004412,0.004203
0.383,0.004457,0.004164
0.3832,0.004311,0.004241
0.3834,0.004552,0.004025
0.3836,0.004489,0.004012
0.3838,0.004641,0.00412
0.384,0.004641,0.004495
0.3842,0.004546,0.004063
0.3844,0.004476,0.00405
0.3846,0.004425,0.004196
0.3848,0.004654,0.004196
0.385,0.004425,0.004005
0.3852,0.00459,0.004183
0.3854,0.00426,0.003872
0.3856,0.004393,0.004171
0.3858,0.004603,0.004266
0.386,0.004438,0.00419
0.3862,0.004476,0.003948
0.3864,0.004431,0.004209
0.3866,0.004495,0.004196
0.3868,0.004298,0.004044
0.387,0.004438,0.004272
0.3872,0.00447,0.004349
0.3874,0.004597,0.003904
0.3876,0.004635,0.004304
0.3878,0.00473,0.004196
0.388,0.004374,0.004381
0.3882,0.0044,0.004355
0.3884,0.004597,0.00419
0.3886,0.004438,0.004222
0.3888,0.004629,0.004094
0.389,0.004501,0.003961
0.3892,0.004349,0.004177
0.3894,0.004609,0.004056
0.3896,0.004457,0.003993
0.3898,0.004393,0.004107
0.39,0.004508,0.004266
0.3902,0.004304,0.00412
0.3904,0.004514,0.004164
0.3906,0.004381,0.003942
0.3908,0.004355,0.004171
0.391,0.004584,0.004088
0.3912,0.004489,0.004279
0.3914,0.004482,0.004311
0.3916,0.004501,0.004139
0.3918,0.004342,0.004292
0.392,0.004393,0.004114
0.3922,0.004565,0.003935
0.3924,0.004381,0.004292
0.3926,0.0044,0.004215
0.3928,0.00466,0.004126
0.393,0.004571,0.004209
0.3932,0.004514,0.004177
0.3934,0.004393,0.004018
0.3936,0.004285,0.004164
0.3938,0.004368,0.004209
0.394,0.004361,0.004381
0.3942,0.004349,0.004196
0.3944,0.004361,0.004228
0.3946,0.00445,0.004069
0.3948,0.004514,0.004126
0.395,0.004336,0.004114
0.3952,0.004361,0.004126
0.3954,0.004489,0.003859
0.3956,0.004527,0.004056
0.3958,0.004317,0.003986
0.396,0.004387,0.004196
0.3962,0.004355,0.00405
0.3964,0.004527,0.004031
0.3966,0.004279,0.004203
0.3968,0.004565,0.003942
0.397,0.004552,0.004031
0.3972,0.004565,0.004253
0.3974,0.004425,0.004126
0.3976,0.004552,0.004031
0.3978,0.004457,0.004304
0.398,0.004463,0.004209
0.3982,0.00447,0.004152
0.3984,0.004419,0.004037
0.3986,0.004495,0.004114
0.3988,0.00433,0.004272
0.399,0.004648,0.004158
0.3992,0.004508,0.004164
0.3994,0.00445,0.004412
0.3996,0.004539,0.003993
0.3998,0.004444,0.004203
